<?xml version="1.0" encoding="UTF-8"?>
<beans xmlns="http://www.springframework.org/schema/beans"
	xmlns:xsi="http://www.w3.org/2001/XMLSchema-instance" xmlns:security="http://www.springframework.org/schema/security"
	xmlns:p="http://www.springframework.org/schema/p"
	xsi:schemaLocation="http://www.springframework.org/schema/beans  
                           http://www.springframework.org/schema/beans/spring-beans.xsd  
                           http://www.springframework.org/schema/security  
                           http://www.springframework.org/schema/security/spring-security-3.1.xsd">



	<bean id="accessDeniedHandler" class="com.musichub.furniture.controller.MyAccessDeniedHandler">
		<property name="accessDeniedUrl" value="403" />
	</bean>
	<security:http auto-config="true" use-expressions="true">

		<security:intercept-url pattern="/login"
			access="permitAll" />
		<security:intercept-url pattern="/accessdenied"
			access="permitAll" />
		<security:intercept-url pattern="/logout"
			access="permitAll" />

		<security:intercept-url pattern="/homeuser"
			access="hasRole('ROLE_USER')" />

		<security:intercept-url pattern="/homeadmin"
			access="hasRole('ROLE_ADMIN')" />
		<security:intercept-url pattern="/product"
			access="hasRole('ROLE_ADMIN')" />
		<security:intercept-url pattern="/productupdate"
			access="hasRole('ROLE_ADMIN')" />

		<!-- <security:form-login login-page="/login" default-target-url="/index" 
			authentication-failure-url="/accessdenied" /> -->

		<security:form-login login-page="/login"
			default-target-url="/index" authentication-success-handler-ref="authSuccessHandler" />

		<security:logout logout-success-url="/logout" />
		<security:access-denied-handler
			error-page="/accessdenied" />
	</security:http>



	<security:authentication-manager>
		<security:authentication-provider>
			<!-- <security:user-service> <security:user name="admin" password="admin" 
				authorities="ROLE_ADMIN" /> <security:user name="user" password="user" authorities="ROLE_USER" 
				/> </security:user-service> -->
			<security:jdbc-user-service
				data-source-ref="dataSource"
				users-by-username-query="select uname, pwd, true from register where uname=?"
				authorities-by-username-query="select u1.uname, u1.role_type from register u1   
			 where u1.uname =? " />

		</security:authentication-provider>
	</security:authentication-manager>

</beans>



